State,0,1,2,3,4,5,6,7,8,9,10,11,12,13,14,15,16,17,18,19,20,21,22,23,24,25,26,27,28,29,30,31,32,33,34,35,36,37,38,39,40,41,42,43,44,45,46,47,48,49,
Initial,5.78438244618309E-221,2.30769360368739E-32,2.53000736849498E-17,4.19707179819005E-138,3.21959963271218E-128,4.49820434920818E-12,0.302968454017825,2.68782356008887E-129,5.36540439992813E-67,2.01266240041638E-24,6.85051957912101E-14,5.55704504496663E-114,5.88586877759755E-14,4.13966767657184E-49,0.488712149572764,1.47723393271647E-11,1.07882494974129E-16,7.38337485034732E-65,5.42631377374132E-31,2.89148700182509E-185,2.34969835070629E-226,1.91978482404514E-235,0.083885426942634,1.09080990410619E-19,7.25111880317403E-104,1.70750600895833E-17,1.79089226552639E-69,6.81310555087705E-28,2.0111963582285E-121,6.90218812261415E-58,0.124425767566723,3.7720955526372E-16,7.32282444834725E-10,1.0118981179884E-49,9.36008296497202E-15,8.20106755494798E-10,1.77564409013925E-37,5.8243859685041E-97,1.80228691538218E-22,3.95648545873947E-15,2.96825214808531E-23,8.59655815309753E-100,9.80967336367361E-17,1.47113581956045E-16,8.48248089833796E-16,7.03864180388632E-28,1.53545846008263E-66,8.19976796646029E-06,5.60291503720588E-10,1.75537863796734E-21,
Transitions,0,1,2,3,4,5,6,7,8,9,10,11,12,13,14,15,16,17,18,19,20,21,22,23,24,25,26,27,28,29,30,31,32,33,34,35,36,37,38,39,40,41,42,43,44,45,46,47,48,49,
0,3.15118378201981E-13,1.32404882434479E-13,2.51928072244439E-56,1.46896738978883E-25,7.51594514754497E-14,1.65278611440819E-60,2.36869365180676E-13,6.89058706409281E-16,8.1080431391593E-24,7.27483884042268E-15,4.51696002890771E-69,5.41863166188422E-19,1.94391482377117E-71,3.35598658234856E-35,2.85721943441528E-84,3.65059666632689E-57,9.63463431763179E-49,0.453575950383581,2.02850464184707E-71,3.69012402190799E-19,9.57433308012054E-38,9.92967363325927E-19,4.69780300741849E-76,9.87651462835469E-26,4.32622469869853E-35,4.68144895700991E-57,1.51256541792355E-18,0.487805464988055,2.49904269103058E-23,1.02946182895739E-21,4.85884479530311E-15,1.89230877157687E-43,1.09637555297021E-67,0.00473413260701377,2.9517252076917E-32,2.23671681353139E-69,0.999999997862343,0.0147633290666274,6.95236999076386E-77,7.19477893660671E-73,1.96717595817018E-82,1.89209952794223E-31,7.122598392895E-79,3.09412824711122E-64,1.10562007195556E-48,9.90771437226787E-11,1.56776630504595E-49,7.85709925933063E-17,1.01148272604518E-60,3.94311120273493E-61,
1,5.29017496469224E-13,3.73966538564963E-06,1.5314077011224E-29,1.45076301474148E-19,0.0742826800816246,5.11409929464022E-16,3.7578737512217E-16,0.0316178929659659,2.71341490163346E-20,0.0078445743750168,2.35198225838512E-16,1.75280420402292E-07,1.50964934619391E-31,2.13706120342175E-28,1.97671291402634E-31,3.559328477546E-17,9.9566323415847E-30,9.53987516487562E-09,3.51341291333511E-23,0.0555525716132282,2.59154062576862E-27,5.07742425998004E-09,1.40533815158565E-31,1.61502426380573E-21,3.96058548513334E-23,1.09962411543423E-27,2.39296933620837E-15,1.74083096686242E-19,1.68184097198739E-26,7.36216851672807E-16,4.55811076765095E-16,5.6638136200655E-30,2.96287009676955E-29,1.04900565786799E-13,3.39400918231803E-25,3.97779688786633E-18,2.70819334987474E-38,1.37241600073552E-06,3.80572205218113E-24,3.71070418532279E-19,3.39714208783533E-25,5.07760009987127E-19,1.61799632472884E-23,5.85038864813369E-31,3.79335833611749E-26,1.21372502754538E-22,1.45163651610397E-23,7.93833083230879E-14,1.5199168715289E-27,8.45599991938678E-32,
2,1.80225214513719E-14,7.00205273669843E-11,9.72153309452487E-06,0.0807452815774089,0.000683657845634404,3.36016116471484E-06,1.81377553221741E-12,2.63652137092593E-13,0.307345103391869,7.02692824237287E-12,2.1613995265839E-06,1.8050417529991E-06,5.0246736761244E-07,0.0795009884520104,0.0294379758196429,5.74817396767771E-07,2.27597466919853E-07,1.26848603469987E-20,1.55364350703966E-11,2.49978488554752E-15,0.0766156014049174,6.76956644073343E-13,0.0842484301165628,1.20051206416416E-54,3.34040746366533E-07,0.000119344169585142,0.0792294683892058,4.08181663229907E-09,0.0333850061201666,4.42885680732005E-12,1.05253889185282E-11,6.20946649674487E-09,0.135782345655715,5.73042468882589E-10,2.94274056192892E-07,7.96913182590176E-06,6.26289181118795E-27,4.11394833364209E-06,4.3693503353834E-15,3.39825038993349E-06,1.8256690111414E-14,8.40673246809417E-35,1.17145532620313E-13,9.4937334901813E-07,0.000118558037166847,1.55930078941515E-13,0.00316173460309584,2.35565936981534E-13,0.000410042780382478,9.5881741134485E-07,
3,5.77097422519784E-18,0.156992077154643,3.57078221015255E-26,0.00922964189127434,6.77215827798646E-11,1.13794023368704E-23,2.71552759386167E-37,2.35117476953841E-05,0.00595600477180408,4.2189731523361E-06,2.95565413422012E-26,7.91050224392218E-25,1.49707435917268E-32,3.82469964834301E-05,0.021835237112434,1.12974575862535E-25,6.37651512478662E-39,1.3250676977499E-29,3.89629283495025E-33,0.000124395932157599,0.0281487493095928,1.27208540831436E-14,0.0436699452432385,3.46996322291525E-41,5.02673064160012E-29,5.39565174958424E-20,0.077474830018831,0.00368911230858081,0.00409533226641,1.26757310017928E-29,2.27887183596253E-38,6.76530795156401E-41,0.000389507135847416,1.35856598980803E-13,1.15984740689535E-39,4.74363581030091E-29,3.59130787605036E-31,1.3067470275452E-10,3.21152539773214E-37,3.97113058392446E-24,4.43718095417549E-36,3.72233790154692E-31,3.42730339390463E-35,1.74059997374858E-30,5.40291566371483E-21,2.89507976986087E-61,2.08401638631743E-08,1.51425009284934E-30,1.30260219505492E-15,1.11774261784218E-32,
4,0.195765395449722,3.03307848296371E-08,3.51843897777443E-58,6.94723673854421E-20,0.293567885724395,2.13546542000747E-63,6.60353836637034E-11,3.22420156790618E-09,1.14841330118741E-21,3.32381464468257E-08,7.80287681524234E-66,1.74426375085735E-07,1.03893620238612E-75,1.30559709813702E-39,1.52707351681501E-92,3.41742389188647E-58,2.64591401490794E-40,4.89702235262173E-05,2.22087934945779E-71,2.07337075553403E-11,2.44842207304236E-38,9.78575435697083E-09,3.01820612452006E-82,0.0522590300628082,2.66768736542997E-22,3.19363083404296E-58,2.81671257176506E-15,3.74148855219828E-06,7.15330830347903E-31,4.2523424102353E-32,3.66486005850493E-11,7.57566853388286E-36,5.62579917535396E-69,1.04464580268183E-06,5.00968349097223E-23,5.101394946581E-69,2.13765841546865E-09,0.000435522060175929,6.10881199377774E-82,6.87883643252683E-73,3.32525557470294E-89,0.0638121382353882,3.35086756137841E-80,6.77621225812622E-71,2.03507480526693E-49,0.16965858238967,1.80521219568926E-24,3.1658933361724E-12,1.83354608313681E-64,5.90689958416262E-68,
5,3.32304164336716E-22,5.5284149594897E-12,0.128733702939747,1.13424796414354E-06,4.17615612150801E-09,0.000160121900442019,1.62980354600579E-14,2.36944961506963E-07,1.20801886986079E-16,1.53015592977973E-13,6.59806984194531E-05,4.56821453680378E-08,0.0468061253292279,3.61487131286786E-10,4.84316906171874E-19,0.000167696139509922,0.00836451090215564,1.45246428341101E-32,1.63821242260734E-07,5.42944275801182E-06,7.86651465134517E-21,1.13191251161572E-14,3.80615308372173E-18,4.43697034739046E-51,0.0410776618778892,0.0516563597124,5.05754099294131E-18,0.026800724183755,3.39289239947185E-11,1.66022637796641E-09,1.51106364860763E-13,0.0319162160199982,4.81032692356888E-13,1.88312511628186E-09,0.0385277620281905,0.000102628838229714,2.18494242044161E-26,6.40618302426953E-06,1.1154819874266E-10,1.35146007714544E-05,1.70247991681652E-09,1.62575813926893E-27,2.15124156655351E-09,0.0119961939956453,0.0862581498226575,2.35286452145634E-13,0.0178982778388912,4.69039554389718E-13,0.0106073726681766,0.0503901301618307,
6,0.43558082251647,6.90270475945127E-19,5.40995258859215E-14,1.7242834836602E-14,1.39136647473663E-21,3.90414612543659E-29,1.08160877182775E-50,1.20086466711074E-05,4.43381377964071E-48,0.000678032350185102,5.17490510907713E-30,7.21677866965966E-34,6.85426821608333E-12,9.35313904117141E-20,1.9630364071754E-45,2.31227216255059E-29,4.36851270497825E-12,1.70878792984562E-34,0.646913019791751,2.40015042362376E-13,5.90191175114998E-52,7.85738231928249E-31,6.74064922145373E-35,1.05014746503143E-20,1.18642426058222E-11,1.79181964317463E-13,9.76603061738903E-44,1.8412621800116E-36,1.45222984206716E-16,0.590532015561719,1.08728552777488E-44,5.4895987174972E-11,4.26050360857773E-19,5.80424162362262E-10,2.63030865858421E-08,4.05046464559639E-30,2.73917399970128E-54,0.0333771340288541,0.325166840539229,2.08466189299072E-07,0.432371110909246,1.42310242612523E-37,0.045786509716465,2.8218168205961E-13,1.96399819373559E-13,0.423272015986634,4.14937880411436E-19,3.20872532528091E-35,6.45735019410933E-15,1.85808110314356E-11,
7,8.91603689034564E-31,0.142019039324612,3.10618213259148E-36,0.0675073116260526,1.43332324273961E-13,5.44502687243697E-23,3.93398926796566E-24,0.00794560960797074,7.10462274160119E-10,2.97068295584248E-05,3.71049236905821E-25,1.71307215145731E-12,6.20750152076337E-45,0.0240396572108665,5.45321843916474E-12,4.30510306947207E-24,1.41272396346255E-66,1.66837186630617E-17,4.18568953941209E-15,0.00270950470428583,2.15268145486481E-11,2.13281811130478E-10,2.57389139552511E-09,5.92146720120355E-81,9.20922879607193E-40,2.49482878894341E-24,1.11219138714448E-11,1.64604692623E-18,0.314948594132358,2.32134507635627E-30,5.11225835537543E-25,2.02017455664275E-63,0.2241637022923,0.000111561561491353,3.20662188082165E-62,3.42893584912125E-28,1.78376591908898E-44,9.93610583988633E-20,8.372149428476E-20,5.068823052288E-16,1.76912657606769E-16,3.64663533802449E-49,1.7803226817657E-18,2.034825063529E-42,1.0374989376464E-26,6.6834541319613E-68,3.45017077464628E-07,1.07998403542496E-23,8.13590358483722E-19,4.34946051061701E-42,
8,1.41105493174625E-31,2.24254214566072E-14,0.0011588304694785,9.20737347701519E-11,0.00628786527475791,1.25011766283889E-27,1.21058922285193E-09,2.32854600205707E-16,0.00243912414208097,6.10698487973306E-15,3.31377981727119E-31,9.52683505287574E-21,0.00102685690460077,1.09105190209259E-21,8.87790497073616E-05,9.49391723427342E-26,0.00045318804591024,1.88764533675271E-28,9.3390906507084E-17,3.56614305462504E-25,4.78329554249485E-05,2.1611917341667E-12,6.50204711172273E-05,0.013322106170646,0.00723906180463048,0.00367458033679015,3.30688040570975E-05,2.38781340443137E-43,2.34009664649308E-26,3.23892339878223E-15,1.21390945137914E-10,0.0083729056228972,3.763804922952E-21,3.72937476755363E-06,0.0193246931627354,2.21217936724943E-32,7.33842136175741E-44,0.00692834962819373,8.39886985127445E-27,1.37395096538403E-24,4.26721183723509E-28,0.00100583040901336,3.91939744820276E-31,0.012154707892544,0.00452474458700894,9.09272536158684E-26,2.08854086192198E-22,3.4575170684351E-12,0.0340427392870898,0.0165013086681033,
9,1.04596630784895E-19,6.97742744204592E-05,2.36660375529931E-27,2.39041286030278E-14,0.00229960927015171,1.27994636458714E-16,4.4666510450405E-06,1.11942355621959E-05,1.68924957269177E-16,1.22322724011865E-10,1.54728021803915E-15,0.000574505117249958,3.17980578673649E-28,6.3982893344615E-27,8.22847396540781E-36,7.70951451941E-16,2.36013445514199E-23,0.00020632076176752,5.76512296089958E-19,1.29599513397006E-08,2.92552813208482E-29,1.73860668983753E-05,1.58338886982388E-33,4.74418892135474E-15,1.70104927663928E-16,8.37488733621994E-28,2.05466154914227E-11,4.21323170117807E-21,1.14560829543129E-22,1.17952215580522E-15,1.88827617527412E-05,4.4312359643417E-22,1.42992228042271E-30,0.000937411513516698,7.29950819405982E-21,2.03644957905962E-18,1.69756068560035E-36,0.317471362324596,3.89169741066672E-22,1.189251018358E-18,1.0088005431829E-21,6.44265716926176E-08,1.01883564592289E-20,1.54066372980141E-28,6.78795268425821E-26,3.96583791137302E-25,6.85199290927539E-24,8.4353584188374E-05,9.94450706991094E-30,2.84861568976685E-30,
10,1.01922891839552E-22,5.9636950562833E-13,0.0863208336574514,8.47720572284417E-07,1.74509812586441E-08,8.38736573541528E-05,5.92730782432174E-15,8.28152202995075E-09,6.79646738084725E-16,1.51539686386789E-12,4.85290759195194E-05,2.62290606488971E-07,0.0694202174368314,8.57010467946542E-09,6.72964238891314E-19,1.14383126178003E-05,0.0855727889793925,6.73811522621415E-34,1.69373313488649E-08,9.95259176010706E-08,4.48205349956234E-20,1.50360160333909E-15,4.88171755751304E-17,1.38788370986139E-50,0.0529725395076388,0.00776834337188605,7.45857430767582E-18,0.071788053409695,4.97554329014314E-11,2.1769525037836E-09,1.19813204693652E-12,0.0409511850781274,6.81617730192798E-13,6.7354927882342E-09,0.164376401497283,3.8850635075744E-05,1.4466408228429E-25,0.000194060056580185,2.01375797722397E-11,5.9381041673499E-07,2.39504982857637E-10,7.42140407620435E-28,1.48431194798948E-10,0.0479414943078391,0.0995816946548287,3.56223992958153E-12,3.77060784334244E-05,8.34856305204846E-15,0.0450495897112508,0.0559501029345887,
11,1.94849074708862E-30,1.4162901230662E-12,5.94932140815078E-19,3.22005109144273E-12,2.26745486761764E-13,9.98194164815235E-33,0.0145313680393485,1.24158682602376E-10,0.000206101090263552,6.49669964206904E-11,3.21732203985926E-37,0.0203827727767514,1.41487945325023E-17,2.77094515751497E-25,1.16559336605682E-05,1.83773437818394E-30,1.30045625401918E-14,6.13049179430115E-22,3.62852094439559E-27,3.77213769351191E-11,8.62377186855781E-05,0.021196964630372,4.07638379291075E-06,2.50995598282415E-16,2.58994358567716E-16,4.54294381845227E-15,1.20215788830818E-05,2.79416239845567E-42,4.02401787652056E-24,7.82607942016261E-23,0.0426648941941797,9.42684890312859E-14,4.62316853551874E-26,0.0426160014285794,3.27612874275359E-14,9.66964900141451E-37,1.85986266502138E-44,1.53018694107641E-05,3.0826510739624E-33,2.01509474957471E-32,4.4528526785635E-36,1.12223919206235E-18,2.09149431278883E-37,5.01636538079934E-16,2.7265095646674E-15,2.03892904898512E-34,1.59729948882651E-24,0.0148296086224724,1.14899999313796E-13,4.63030586352516E-18,
12,7.23744622018996E-17,1.14161360482219E-12,1.00933443706717E-08,0.112792100867429,1.45272873580907E-05,4.9821629127505E-06,5.93392523856088E-15,1.33494482540243E-13,0.144398603401097,4.90546861542469E-12,2.0863766292488E-06,7.66082851035186E-09,1.203240542343E-09,0.0078903168484844,0.0555222350132188,3.38899947595876E-06,2.6136424915549E-10,7.81952580222454E-21,1.93676244882289E-09,1.92128218678366E-16,0.186865361518621,1.13032531661439E-14,0.176665215792823,6.37106305400911E-58,2.88525963821989E-10,5.79146283319827E-07,0.0743380143908744,4.2414406697674E-12,0.000926208825146326,3.30723836568159E-13,1.81980729044214E-14,7.86287884959149E-11,0.0696164659470313,3.29923149463956E-09,1.74342666553006E-10,1.10968301537366E-06,4.82150461953822E-29,2.8240878847498E-06,1.09412426674768E-11,4.25652503661265E-06,9.73354640977851E-11,4.85770573435892E-36,3.45889005751735E-10,8.92411825535624E-11,9.02828441976092E-08,9.56590615874692E-16,0.00037923376097913,2.36726137344431E-14,7.44591807312834E-06,1.82954347258529E-10,
13,3.20956923042142E-31,2.45531688304377E-14,1.41231911400031E-13,0.0102843548206185,2.00982651075837E-08,8.97247618978234E-20,9.83734559055999E-23,2.10452721799352E-14,0.033862140388257,2.73891207808949E-12,2.2749729057782E-20,3.04273616508595E-26,6.5180119420985E-15,5.14026695598488E-17,0.0378296393904992,1.79359042175661E-19,6.50961517930662E-16,3.82885524460743E-24,2.87695236738033E-21,7.22923295834774E-15,0.0340166085065664,8.39072411868514E-22,0.02759420543836,4.31241994615467E-18,3.0312687749563E-16,6.33864370436626E-13,0.0300372266977833,1.51439965283286E-28,5.79670819081387E-12,3.63779765299761E-22,2.05105108011352E-22,1.17202791541333E-15,8.53726399260457E-15,0.00207963615033434,6.81651593604551E-16,3.7362983963106E-21,5.29167248279536E-40,0.000792662053019153,3.8847191621638E-25,6.85791580839857E-21,1.58256425866336E-28,2.64001133404292E-16,3.88038938719774E-26,2.59570063085253E-14,1.1939466874358E-10,9.96716401111646E-38,1.05649731554774E-20,4.5051927430287E-23,1.67222956541705E-09,2.57545116615244E-14,
14,1.9792453328109E-14,1.30962764803866E-12,2.79883677988562E-11,5.5483561869578E-12,2.93783371277016E-08,0.00503265215155981,2.74938015113663E-27,3.45297871220433E-14,1.54990967788004E-15,4.33054905032346E-10,0.000216568364704982,3.39103917843771E-22,1.30280263326267E-12,1.71656635937806E-13,3.21677096431949E-18,0.0017145211240458,7.97857571045762E-17,6.6952564815808E-38,0.0222664620587068,2.56348039405052E-12,2.43776968471665E-18,4.91601997777778E-24,5.02624721925506E-17,9.60349328391891E-64,5.17220300074807E-13,1.06169170691784E-13,3.458350536606E-17,6.28401972108077E-15,9.35734428170178E-13,4.07867569048216E-11,8.64389729068042E-25,1.35158095314066E-16,3.49129453049721E-11,2.12859571605423E-07,5.95188701034207E-15,0.00812406141139075,6.54023102822947E-32,0.0446255372029743,0.400501546157857,0.544885332650285,0.364517914977575,4.72339851263468E-37,0.624056704852505,2.13362243425472E-15,2.69091769754787E-10,1.82027654020629E-13,2.08965561287405E-12,2.11904015387094E-23,6.64952581129406E-14,5.36159549622379E-13,
15,1.28185904770653E-24,1.77148206423484E-13,0.21141896663398,1.10593205712249E-06,4.26887562490933E-09,0.000144117252629686,9.4968620751592E-16,1.00435846511001E-07,4.1235099502987E-17,3.0038581743399E-14,0.000103280001384359,2.79553509753613E-08,0.0196867185697183,9.08134494708281E-10,3.19321118662406E-19,0.000618582413804041,0.114351917910383,5.34231537245022E-34,4.55563003717434E-09,4.52574082476221E-05,6.51333493298095E-21,1.25192278769094E-15,3.21698170828015E-18,6.78841258878911E-52,0.0776683232504201,0.0313732293709603,8.73960964350499E-19,0.0443164159763814,3.83414011444724E-11,6.57334281346907E-09,1.15210542197875E-12,0.152814643933409,7.00857796312483E-14,7.23106060595129E-11,0.144126043098691,0.000211828210057932,4.26301714657093E-26,1.44477967476562E-05,2.12521204412893E-10,0.00018449228318448,4.49079785897958E-09,5.27531300933945E-28,5.34155578464826E-09,0.106622887189529,0.264628556246728,4.53525948688654E-13,0.221920166960865,4.96961051650569E-15,0.0293237961113053,0.0686345613344271,
16,1.98753138411679E-14,5.2378588412633E-38,0.064348024651289,1.08834711636535E-14,7.42338144924411E-41,8.47472005043134E-30,2.92708957279729E-37,7.17942894097354E-12,6.5563184856413E-35,3.26118523025837E-13,2.06849767604767E-32,9.7386436552886E-20,0.226161559319894,9.43030761567801E-13,3.31729243134181E-38,1.37891012612812E-26,0.181103188135579,1.06856370614858E-14,5.33991530052244E-10,4.77033186165794E-19,2.97501918696107E-40,2.08790759950615E-28,2.06919554890922E-29,1.18844321659696E-45,0.0795292704145103,0.106570052934552,1.38698300820125E-25,4.89395696029069E-31,4.0764539608804E-22,2.16806244222518E-10,2.33347470470103E-31,0.206147357481764,9.54447359150977E-14,5.86309176687436E-35,0.0210869591774414,2.95985128345462E-34,1.04262203809771E-44,3.71039173548794E-17,2.29335655437778E-15,4.87096820769644E-16,7.68337163059747E-15,2.2906148597101E-46,1.47400515905492E-15,0.0248300609933544,0.00581401555628712,3.92000712846477E-09,9.82682601479889E-17,1.57042346349127E-29,0.0280619013922258,0.0218530144676547,
17,1.03924660345133E-22,1.03934128396706E-08,8.65179176867229E-20,5.75568809291812E-15,0.00017223604315488,3.8603363747643E-42,8.71000566193821E-10,0.340839487957577,2.16675082728807E-07,0.291370651317037,6.57900881856606E-44,5.64538995598359E-12,9.63262864524171E-19,6.67329715109789E-26,9.6424935037979E-12,9.13972421803968E-42,5.30955619923101E-17,0.298734002625936,5.1650795623014E-27,0.38231339154745,7.18450225279875E-09,7.55066123252015E-10,2.54624668090366E-11,1.89904300090658E-13,3.47556374784677E-17,1.40809464735866E-17,0.0185424678396364,6.28469569726287E-33,4.65659789998242E-25,3.77324190367798E-22,1.87368046042836E-09,1.39533172910764E-14,4.73276173241176E-29,3.34496873187247E-15,2.07686069174315E-15,1.61399771785659E-49,1.68610892084239E-48,0.0341883516795524,1.22063329175876E-35,2.33026929508752E-36,2.92048472537791E-38,2.4481246901502E-16,8.5086443301383E-40,3.70399164585738E-17,1.0843072331781E-19,2.14919862088121E-32,1.25195049290857E-30,6.60821987519903E-10,1.15838618404084E-17,9.27294281130928E-19,
18,9.42242111605352E-34,2.19511937975689E-10,7.29543110767641E-18,1.08246590946611E-09,1.45499665444518E-10,2.07124094622803E-06,0.0126028347189526,3.79023268022179E-13,1.40113793001925E-07,2.37564820201255E-17,8.7996916462179E-08,0.000452625702803819,3.72520258186845E-19,8.98430034506259E-13,8.04420094063613E-11,1.20014662379345E-06,6.18565411574545E-19,4.38878606443356E-22,1.36458101719409E-21,9.44219584371362E-16,7.79253400645009E-09,0.0115641990174052,7.1236779950669E-10,4.99294712765402E-50,4.70781705222315E-18,1.06665641526108E-16,8.70082868743974E-13,7.43954200676021E-16,1.75586920774529E-09,1.53621037590742E-17,0.00242601388061273,1.31746462280736E-19,2.1368483975168E-10,0.0322645260687334,5.39672073106349E-18,1.67058256943677E-07,4.1867705926044E-34,1.2627821823461E-05,2.50262289463205E-25,1.12633823589771E-10,7.08553153726031E-23,3.18138985085516E-45,1.50726157924077E-20,2.76642813649561E-18,4.56228917584911E-14,1.5778408510697E-26,6.22705738414994E-13,0.0183908818347212,1.94362897161492E-14,2.11019948395649E-19,
19,4.86023389660617E-21,0.000598156251371585,7.52756718788889E-76,5.6863384212099E-15,0.1943517290657,6.47182234645465E-57,0.147730588892512,6.29776633517675E-05,3.0859236922358E-16,2.36535905689785E-08,9.75321793865675E-51,0.191823648026537,2.12223935486697E-94,3.2975859551523E-38,6.62382384003263E-94,7.65144558941807E-52,2.35372019156025E-39,0.061627068621501,6.00871345407811E-69,4.33633413162266E-05,3.5010098237543E-34,0.138684608483867,8.20084807173128E-88,5.11059257373627E-17,4.6464178431868E-25,1.94576201693917E-61,2.08842036626176E-08,1.29793301286924E-25,1.81393945222094E-27,1.86942394188968E-18,0.117633147225362,1.02057662922814E-37,9.53329829854921E-86,0.0974764246213126,1.20028087523943E-33,2.96705281119343E-59,2.16334446296419E-37,0.320241718326205,2.21136833856569E-73,5.47302275317707E-63,1.01379407238048E-77,1.66066740649051E-13,1.47196750079742E-71,4.80586852517342E-84,3.98126933479035E-66,2.27846777318355E-17,8.39418872893759E-30,0.12448721343728,5.37163680213146E-75,1.68768222307491E-85,
20,2.334533876386E-37,1.98588792132972E-13,0.0540585064415596,7.77499368792767E-10,0.0273747974475959,6.30845900196001E-29,1.08023694257481E-09,4.7187532476761E-16,0.0558918685561259,2.65234795961539E-13,4.26930857675874E-34,2.05866732325991E-19,0.260652459771873,3.22631372434381E-20,0.0186536541795697,7.04081018562711E-26,0.233869761229699,1.82793243566384E-29,4.1311394109633E-17,6.9056458267979E-25,0.0108798977593821,1.40948927150948E-11,0.00417883436246881,0.47592119579853,0.209137333261798,0.199731867198926,0.000116447460215011,4.43198744300381E-43,1.37392037296562E-27,2.74157166837432E-14,2.59433491898228E-09,0.206359839239126,3.73484749247952E-19,0.000109878554335787,0.300186129623947,1.18716576215482E-33,1.43224930375388E-41,0.00473547112654529,3.63853652656726E-30,8.78162020198131E-26,4.91171802165007E-31,0.526396818681212,4.58582958235246E-34,0.420562781052955,0.0263027125521828,3.86662043429169E-25,1.51074205214969E-19,3.49031374637374E-10,0.684712839039018,0.0564838337580093,
21,2.39707933443672E-32,1.12462038001269E-11,3.45621158857058E-33,0.000151158081237943,1.40672819538505E-17,2.08268089442623E-22,8.08656674831767E-12,1.33137408468615E-10,0.252785487954348,0.000152039417176367,2.17980539130253E-24,9.98379303938879E-12,7.62793379437847E-41,2.67044223404565E-18,0.474504605269705,1.34583358119761E-25,4.29782686147095E-45,1.47556732586168E-22,9.1604456134036E-23,1.85106285618318E-06,0.425993932919835,1.37043184747834E-09,0.221440754500293,5.77314619617972E-49,9.45896411400899E-44,2.8631118814265E-28,0.371681356756893,1.26915818760135E-34,3.62471484702171E-09,5.27224981824736E-42,6.5750208763143E-12,1.26823277950853E-44,1.77236790654318E-14,0.0357719426558821,1.41317115567936E-44,2.40391428028324E-28,5.58759753999121E-35,1.0207998415158E-18,2.13123662665739E-28,1.26829279766794E-24,6.08308013593118E-34,5.07883071510325E-44,7.29100581969423E-33,4.30020703379292E-35,1.04085203786908E-29,6.77205368260858E-35,7.44968707536778E-17,3.94051539964226E-11,2.94057142548556E-21,6.36444284824524E-34,
22,7.79749509744141E-15,2.51304878818952E-12,2.20364071907314E-10,3.75997309797003E-10,2.33279686455964E-07,0.00693173190551858,9.69210294316542E-22,6.21960317403701E-13,1.29183752642065E-13,4.16594632317126E-08,0.00533856105961237,1.89704990277471E-17,7.29728141268646E-11,9.70729614418629E-12,6.76027061189215E-17,0.0173881591815276,2.90014376478192E-13,4.11429522842257E-36,0.0314834046061418,1.90146546782927E-11,4.26361682824922E-17,1.24563017991466E-21,1.97978554427205E-15,6.18778227418409E-60,1.47751578149285E-11,6.71464402202303E-12,2.36240973615186E-15,6.10613672302868E-13,3.71015760807228E-11,1.22023741032321E-10,2.33102957775829E-20,2.25913108772784E-14,3.58365206814126E-10,9.26996947137647E-07,6.94173725773356E-12,0.0262387184139334,1.75944902422377E-31,0.0416055009719525,0.0792750382955418,0.415772064235548,0.024872519560237,2.86297376353E-35,0.316540622135879,7.35180929180792E-13,3.87765658130686E-08,2.0055916822394E-14,2.62222766320581E-10,2.59858709345171E-20,6.40097007032701E-11,6.89728064462344E-11,
23,4.97325128235933E-16,7.66620960653445E-33,4.52912346138234E-08,1.10982779901608E-23,7.96857651266633E-34,1.41012119851182E-34,1.59145386654396E-37,1.23787262088541E-21,9.60650849253163E-25,5.10974308161615E-25,4.42628931089551E-39,1.9142057068108E-18,2.59468458634246E-09,3.11045762681133E-11,6.11643171708424E-43,6.50121964813566E-32,2.89470883780763E-08,0.185807677774122,4.10411732688761E-15,9.3334803373915E-27,5.65895816742219E-31,7.96532702767696E-41,1.23436448923714E-35,1.09513071699505E-60,5.99875421506207E-09,6.3802970472836E-07,4.73669449263012E-11,4.18297284062354E-24,6.71140475086129E-20,4.83546730129E-20,3.23149382723225E-33,1.40173392121568E-08,1.48183237033446E-20,3.31392855775679E-36,6.39868669267717E-08,3.82646390940212E-40,2.3142316805065E-43,6.05357287465024E-42,1.9846933289811E-18,1.40436881279041E-21,3.55821574067026E-17,5.52002366924702E-59,4.13594492210956E-18,1.59908940870165E-07,4.90101940603061E-08,1.23826105698109E-15,1.16103161445094E-21,3.45091376595462E-29,7.82619127366836E-08,5.87980228835936E-08,
24,9.40416892767174E-32,4.70927464216571E-11,4.47684846738263E-41,1.85795417633401E-15,6.92574331281083E-18,1.59338181091693E-32,0.37411659775633,8.97980906793604E-13,3.81731508834246E-10,9.31155626514521E-08,1.98636138455747E-33,0.27146197952394,1.29198919521069E-48,1.84895119381006E-18,1.39904458409669E-11,5.23544580486455E-34,6.94402458333729E-36,1.13984294867148E-19,1.27473410498709E-28,3.29543984202657E-07,5.49003861006351E-11,0.283150032491499,2.17817097316378E-11,7.41277812328882E-47,5.21224215406858E-30,6.67602228680163E-37,2.37955484677775E-09,1.49438488535783E-29,2.52761280088419E-13,2.43042969781273E-36,0.0811288569184279,5.27116712865638E-37,2.38126230864256E-18,0.269952892879075,2.15646562210801E-33,2.47261298914188E-36,1.20223696428722E-47,2.26276613457186E-16,1.42290550062135E-33,2.32994023419871E-30,5.61856718265766E-37,1.78388104930165E-62,1.49492605684906E-37,1.1248762073548E-42,1.4208091103556E-37,8.25580271752838E-29,6.78172016113622E-27,0.214001380985154,2.24393947130379E-29,1.07117253694771E-40,
25,6.22738424646926E-18,6.47566953921855E-12,1.46499392239496E-10,0.0100273377061092,3.76319228009982E-07,1.44655322310567E-05,2.60183316245688E-15,8.62315915066642E-14,0.00909042926106096,2.45500792764702E-09,4.63709588035481E-06,1.21595796331124E-09,6.83522149825834E-12,0.0024050675763092,0.00971318264215803,1.60008897015911E-06,1.80332821755194E-13,2.86950558956573E-24,1.30680226784202E-10,3.93131324105044E-14,0.00982816741010496,1.57697710850527E-15,0.015117962561836,1.18299836172179E-40,1.15675509213633E-12,2.23238319461051E-09,0.00195894212680569,4.43177002309373E-13,0.00620604440480823,1.1592075598522E-13,1.07210324515182E-14,7.76693039548242E-13,0.0244696884865325,1.63192241761519E-10,1.64039155724731E-12,2.24028463726563E-06,4.69884322885604E-33,3.5322837446772E-05,8.02294301471438E-13,6.29224949775355E-07,2.48746742243566E-12,3.22919537537413E-32,5.53154731339835E-12,7.76992672869921E-12,6.51241886938016E-09,2.087863385463E-17,6.31638350888931E-06,5.08877804444464E-14,4.04215605813605E-08,4.75756393605226E-12,
26,2.80854043213316E-31,1.1197567853148E-14,0.00169012586704686,1.33178433957755E-11,0.0928452865808206,2.80725325606644E-28,7.46333915882896E-10,3.05403298319576E-15,0.0015708211913691,2.78601754181589E-14,2.67708336234274E-32,3.98453052344297E-21,0.00336804117143947,9.62732767619881E-23,5.69655557041417E-05,3.51018346970606E-25,0.000422627363762767,3.48549448896874E-28,4.59976067224936E-17,1.57925964738959E-22,2.80561881453422E-05,8.83477050115137E-13,4.67520396878272E-05,0.00252183852482898,0.00154021426094813,0.00598816638641718,2.11675942687062E-05,1.64741661491615E-43,1.08184085817302E-27,1.3025146504627E-15,3.67197455795688E-09,0.000942737141429486,1.72797157870446E-20,1.00035792568372E-06,0.00679458935453152,4.8225890701994E-35,1.97709854184118E-43,0.00155492415603752,3.6062843874164E-27,1.77098896590013E-25,4.65004898013819E-29,0.000400643808652289,3.89770375557161E-31,0.00503455142088614,0.00169706360159912,3.10943232201292E-26,1.75152352238171E-21,5.31419651156874E-11,0.0119414908984423,0.00169780189081679,
27,3.18555671540514E-19,8.66393981911495E-11,2.31295985830895E-18,1.45630130199108E-13,0.246252410913446,2.95861368360865E-09,1.53806086644655E-27,1.06530795496441E-13,5.24675394665264E-19,2.6346128397173E-07,2.26663626072191E-09,3.11816531470777E-22,5.37575107269799E-20,9.06136190600171E-18,3.1205576378566E-21,1.80998996755442E-09,1.01820992220158E-18,3.49246348830228E-29,1.63308785486985E-20,4.13582320427384E-11,8.31990944176069E-21,1.58908659851073E-25,1.95393143887767E-19,2.23667224169842E-06,4.75579879805792E-21,7.58528072299593E-18,1.66627189224865E-18,8.7153166353634E-18,2.38727961277889E-15,4.96362206102582E-21,1.96907165630919E-26,4.08738787768309E-21,2.93742347066828E-16,9.05219944784937E-20,4.603501940783E-16,1.90985610818404E-10,1.91354024200287E-35,2.28578196430455E-05,1.11026660911564E-20,3.03972065753868E-13,1.01024708996219E-20,3.94342976489038E-07,8.96488963315732E-19,6.80597433814095E-21,8.1214550869067E-16,9.81412441442554E-23,1.99997057068162E-16,3.33329660616797E-23,9.37128655501585E-18,1.2106708106272E-20,
28,7.66616542680567E-22,5.10434314241685E-05,4.97700250567061E-14,0.027840214042493,5.22380952854513E-07,4.91385110912354E-29,4.72502097297052E-23,7.62075955036606E-09,0.014852722482983,4.41744431663711E-11,4.77353372225098E-32,1.47168371509796E-21,9.64805076637706E-17,8.93564885537372E-10,0.119405881334248,7.93325043545311E-30,1.34726132360318E-17,1.23717632918598E-23,6.70396541251569E-27,1.53944854315559E-09,0.1259740909962,1.45757494096509E-14,0.073323130374907,3.15062097783587E-17,1.16919649882952E-17,2.7939334877157E-10,0.0896773279063877,3.65724745339366E-07,5.26400919239057E-08,1.25870621306564E-23,6.17028301016766E-23,3.51622993589745E-18,1.78516770228275E-10,2.49333424059272E-07,2.74857659018238E-18,2.25848494203891E-35,2.80761675674185E-35,0.00101818543748958,2.27415175517695E-34,5.40791952416025E-28,1.88164388262566E-38,4.97994649285504E-15,3.95953334522792E-39,9.99742569882095E-18,8.87623959234524E-12,1.62808594129329E-40,1.67907799418027E-13,1.08127447450796E-25,5.49718520449554E-09,1.17747581639493E-16,
29,1.29498689693331E-36,0.320691110067833,4.94095857225311E-34,2.60286939127567E-11,2.0945111099538E-14,3.4718714343137E-23,2.91762151914417E-07,2.66669686797756E-13,9.94528761249806E-20,5.59665666551536E-17,2.92207817523295E-26,1.0757990796514E-09,1.40513703859525E-40,4.75673508280862E-10,3.85147560798054E-21,1.20673470365197E-23,1.09914798873641E-37,4.38458359719416E-16,1.56700039116318E-16,4.6777255659258E-12,2.26293882735648E-16,1.79194286483846E-07,5.49217296850284E-16,1.97919082184464E-58,2.08774698485814E-36,5.847624687341E-31,1.03176563563374E-22,2.11969653253803E-08,1.13449709212489E-05,2.16492818822504E-28,1.82003559665507E-07,9.01658931827517E-38,6.40791472527377E-09,6.98457922570043E-07,1.09262986463658E-37,8.06067213690345E-28,1.43630276405857E-33,1.93603829976251E-15,2.91358111877013E-20,1.09154641801885E-17,3.4219283276622E-16,1.57892398524234E-55,1.20589946159581E-17,3.11558902276045E-40,1.53683107540232E-27,7.97092423326714E-43,2.57196992067862E-16,1.82008810376484E-07,4.39776510278584E-26,1.78651318662574E-39,
30,0.141133030571671,2.23976245144843E-20,1.77437663681161E-09,3.43018805015169E-13,8.80296811124359E-23,7.11060138794227E-28,1.10735641757991E-47,3.78373453269701E-07,8.70033376591899E-48,0.00231669989002208,6.66060169489241E-29,5.94157275814282E-30,1.31570022328373E-08,1.08834751942399E-17,7.53850877341105E-44,1.3886276193247E-27,1.16089291700899E-08,7.54951359289583E-31,0.293620062057934,5.26223940990587E-13,1.15058496793098E-52,4.50055674703594E-31,4.89296423103705E-33,3.61920126835934E-24,6.45127929473832E-08,2.66745193442862E-10,1.82489351532061E-40,1.54360455641973E-38,1.61689674356666E-16,0.369213916224715,1.58952371674794E-40,5.83390209669478E-08,1.78132410810033E-16,6.42717494934809E-14,3.0692511762687E-05,5.41269451069074E-29,3.86598739884467E-55,0.0022971202194991,0.193522446387892,9.85494670250815E-07,0.177529157348466,1.00280615464874E-39,0.0132063434104773,8.37926156488212E-10,9.42691910243305E-11,0.166635115490035,6.50810481343015E-19,1.34408989995463E-33,1.71115164356043E-11,4.71370804267334E-08,
31,6.95929279254513E-16,8.34404161710483E-38,0.202439912560557,2.24757619329394E-14,2.32711465015795E-41,7.36621300616788E-31,1.99169754804839E-38,1.25420661254895E-12,1.24848236106516E-34,9.69486517476186E-14,2.32779362468101E-31,5.42700304424302E-19,0.00424087650418219,8.49718680515388E-13,5.87800959518197E-37,5.71480379886207E-26,0.0651003171806905,1.63163924322584E-16,3.79861022577359E-10,1.06265379795765E-19,1.34110957039527E-39,1.48040563504045E-28,1.00064823680086E-28,3.03971894928726E-47,0.151905359937438,0.4033472113195,1.89261449158855E-27,1.56470559597075E-29,3.02121678133787E-20,1.40379102508031E-09,8.55682140856564E-33,0.0207713022099397,9.7904297272E-14,1.46086479021632E-32,0.0216445014846001,3.14327779824306E-33,1.88128478580058E-43,4.0124906672554E-18,2.5127275205218E-15,1.81137283097859E-15,1.44548258532459E-14,1.65466484919618E-47,7.91050540920001E-16,0.0318595432977018,0.0905621228525938,3.25279289152928E-10,2.51933746954757E-16,3.58958658035536E-31,0.0396742826198081,0.293480499649292,
32,1.61310395343596E-20,1.66766842983872E-11,3.86630918138441E-10,2.2275097298828E-09,1.32836527532395E-05,0.502711988159919,1.09531044407606E-21,4.50169753304825E-06,4.36908362236401E-11,9.17937867328737E-06,0.705325317388941,6.9931059029809E-17,3.6791669586645E-12,6.47752458284448E-11,1.95482485596353E-13,0.414991835623834,2.86696745983135E-13,1.14083608567123E-34,1.72117692434091E-06,1.38394540445364E-09,2.54351122495445E-12,1.80709606435679E-13,6.54219400590532E-12,2.22942366533561E-61,9.66504765806395E-13,2.95422652419096E-10,1.52772577774785E-12,1.25267908574542E-13,9.86072233665934E-11,1.57256254178011E-12,4.78904823024519E-20,5.55368479027355E-14,1.61368334083687E-10,2.63166838716088E-12,2.06691479292984E-13,0.411041699641904,6.57066689357221E-30,2.15061141986821E-05,1.47254044213764E-07,0.0381435735260113,2.61283413859389E-07,6.30559456496176E-38,2.46248766226902E-06,1.0509230538309E-12,3.40729923487727E-09,8.93637592845196E-24,8.40969211481095E-10,1.19564995894095E-18,4.92645516546113E-10,6.6579529902832E-12,
33,2.02670464604362E-11,0.378240930729032,2.72877573554703E-31,0.0171424860571024,0.00476006529598266,1.55500586256375E-19,8.75207731135159E-52,0.0130738618111483,3.44808459618562E-07,1.4853213784253E-07,1.16373032438156E-21,1.44647196245591E-25,5.01132754144561E-38,6.1000117115819E-06,4.46709061724921E-10,9.9342420558973E-21,2.85733328979528E-44,5.81673835162746E-32,2.91165150439698E-30,9.59816773402001E-06,1.40120627879423E-07,5.1486401831425E-21,3.96485449301219E-08,1.68866585767894E-57,6.17919569191996E-20,5.35450498732572E-27,1.71815680008373E-05,0.123174098712982,0.000395987739018,0.038136457652813,1.14093719122285E-52,3.26212616214532E-45,3.66692135071207E-06,1.32915465631265E-13,6.19610880656523E-42,1.72439458366654E-21,2.28941392051407E-30,0.156132724172898,3.90566579145671E-33,1.47167179311033E-21,4.01745137595775E-31,2.33803916497404E-32,3.07671860372387E-30,8.6279770447568E-38,2.27640554520952E-24,1.19980362745075E-35,0.326324646624218,9.56522816242959E-34,8.37787326814095E-21,6.9962158673536E-36,
34,3.23216469719214E-14,9.38247297279769E-36,0.00104009293950625,1.40514893988177E-10,4.60536664175122E-40,3.92899239317504E-27,3.07758503810923E-38,6.81366071973893E-17,1.96511194569132E-30,1.73714759697772E-13,3.55833309939265E-31,5.91755230361944E-19,0.0325905344968985,1.33015877652473E-12,1.5582718028292E-35,3.57746668507619E-25,0.0087406730495236,6.96907306688712E-11,1.04262915217937E-09,1.53738769672755E-20,1.5852324727532E-34,5.12908235437967E-33,1.1450369720783E-27,1.68826494926302E-45,0.0116711457315489,0.0457559924125195,1.86792056894736E-22,1.95815956304025E-24,1.56219562353121E-15,1.62378527769789E-09,3.04225382320616E-32,0.0154712988071701,9.43169108252447E-12,2.65675437881816E-27,0.0306341215666769,3.419020015309E-33,6.97724494236246E-47,4.51339556933776E-15,4.40658266733114E-14,3.38752880311053E-14,8.69042447284869E-13,1.0957063535701E-42,3.21226754116302E-14,0.0238920330756377,0.0154962747599547,3.20963228238575E-09,4.91652656459931E-14,2.77608233325587E-30,0.103704595588717,0.0154046411974608,
35,2.1818029661382E-27,1.99104982184658E-13,0.238529720207556,3.42420301541384E-07,4.57687232500775E-11,0.000608858416449307,8.12983992677681E-13,8.21561134016869E-08,1.24852286136276E-16,2.55373501116613E-13,8.98667293686429E-05,3.62575059809274E-07,0.331262995865622,4.96714461847992E-10,2.93949989085992E-20,0.000400355104130873,0.294662450569267,2.14486026224659E-33,3.03643389652015E-07,5.5608054455709E-06,4.29297134647212E-22,1.59425579225511E-13,1.62251197781036E-18,8.24901999045496E-52,0.364204356125394,0.128342465518134,1.1392298174151E-18,0.102017130431499,1.07180932746342E-11,8.76631152904812E-09,1.02281437655438E-10,0.315371405695098,1.0033691684832E-13,2.24176125001378E-09,0.245836252380449,3.33687352376439E-05,2.5010432333677E-25,5.17803342556378E-07,3.8801733354535E-10,0.000130547609271283,4.92606607774839E-09,8.99831944990418E-30,8.85649476100387E-09,0.306952189888703,0.379410574683237,3.86012900521125E-13,0.130845219299094,1.94545523066525E-12,0.00913647014345896,0.417864858464287,
36,1.75719260967175E-28,3.78385355197515E-13,1.91902054126538E-27,1.47012803164613E-27,0.0551658367957227,1.05534959257116E-12,2.01848729125601E-72,3.62565907170711E-16,7.48978723917104E-74,6.96671281279053E-11,3.69739346883809E-13,8.56078699541122E-57,4.22059135407512E-31,1.35492825332411E-47,1.97693457761775E-53,1.24068441808797E-12,6.75503597908843E-30,6.86911927944214E-38,3.77357627841943E-31,2.74444871969358E-14,4.96376542447211E-151,8.67723374329845E-61,1.74748448295702E-49,0.455973592770759,1.8630411422094E-33,1.25995356964237E-29,1.3067148129355E-80,5.29726521714309E-25,2.68231926565794E-39,1.84367175980866E-26,4.64644111534761E-67,3.50527345848226E-33,9.50167494691382E-37,8.14681996387628E-27,6.5157858492249E-27,1.27789340293652E-12,5.27498468949585E-42,1.44508663057795E-05,3.19272648917606E-32,7.14805824789266E-17,2.93443477210827E-31,0.408384110096009,3.68526760136371E-26,2.69706526054503E-33,4.29145304612253E-24,1.29686040452098E-31,6.80920204091675E-28,6.51337882215624E-47,1.30710559880879E-28,3.10414289127757E-31,
37,7.96322653898144E-11,6.12385430031768E-07,7.55889539686047E-32,0.00264040913997406,1.4476464940933E-10,8.10964934945172E-08,3.18666299412621E-50,0.606407426606332,4.56893856326534E-09,0.688966348403797,4.0510842015033E-08,1.83267679338211E-18,1.94334656671552E-43,5.92119332498538E-05,1.16331036193298E-07,9.32276124252392E-09,2.84512895941758E-73,1.02866625905395E-29,6.36245130910544E-27,0.558364640922027,1.49345921312403E-07,1.14891428810542E-11,5.50873781693058E-08,2.12270581086636E-82,2.53298099164294E-19,1.66467201777174E-26,5.19020257954281E-07,0.0358011582116608,0.000347709265475607,0.0011617773434006,1.95371868929385E-51,3.16780797011527E-71,2.3347900970797E-05,9.57648841590154E-13,4.07508328647258E-71,1.82896732466628E-08,5.70743700351672E-27,0.00247257514661078,4.74201758995574E-29,5.90750311532842E-16,3.38430751898679E-29,1.60250914570395E-46,1.89275521535362E-23,1.16664395387721E-39,3.21158258762702E-23,7.97539664120501E-61,9.68369688572988E-07,1.5642354342111E-37,2.03036658899539E-22,2.75349522836465E-37,
38,6.11845316271144E-27,5.54100452192449E-09,1.93409335695048E-08,3.45855184313801E-07,4.34448429869726E-11,2.78439239325907E-06,0.21304582933324,1.92561907229507E-11,2.23934709179506E-08,1.60341098891733E-19,1.0877311761985E-06,0.00433633406334215,7.64495725738718E-09,5.00663405459808E-10,3.13692655472075E-14,2.44830366383082E-06,3.4787695038673E-08,3.1485656680595E-22,3.31056874559292E-16,2.93360111202953E-17,2.25123490850262E-11,0.110964068932528,3.49955034403995E-13,7.54945787903656E-49,1.46792410101012E-08,8.50578849042638E-08,1.68387350914133E-12,2.27211507815066E-08,5.43711335505167E-09,6.12582519095594E-14,0.21663291587915,2.7242194605462E-08,6.120446774641E-11,0.248758424355777,6.52376511497869E-08,2.57568620950753E-08,9.86212169980672E-29,0.000915362631960252,7.44407733550352E-19,9.06099235031E-09,6.35203427494067E-18,2.14311679555868E-40,2.58462917771324E-16,1.07368416554859E-08,2.52128182201976E-07,5.75151583800069E-15,1.81041774428719E-07,0.0178128353595966,1.09650605092394E-07,1.70522856802161E-08,
39,4.02873677217887E-20,4.26948974959003E-10,0.0081578994181847,1.76077667093145E-06,6.39390536628199E-09,0.000130463925758491,0.00416394319495,5.19088399847113E-13,8.95511460607187E-08,3.6953365462973E-16,2.6564552030928E-05,0.000540047712653249,0.00253406261482693,5.76259284235442E-08,8.73744426978027E-12,8.02131716136232E-05,0.00394887574642922,6.41802442542687E-22,2.4026129923741E-09,2.2276285276071E-17,3.52696031435399E-10,0.00470652119749996,2.61374167448021E-11,5.69526859784375E-49,0.000433471421765881,0.013475677795337,3.17110411572772E-10,0.000106775975691033,3.31654137356433E-08,3.92309522811093E-10,0.0060963587804746,0.000376306379821686,3.56556930126503E-10,0.00382141331564048,0.00321997002339295,4.68739074403041E-05,1.2620764211456E-25,1.51459603478606E-05,1.85756445260474E-14,3.27598494101436E-06,1.42299117946382E-11,4.8267695781708E-35,4.30036083539184E-11,0.003721043618888,0.0240752572616386,3.22898487334817E-10,0.000232387131492458,0.00374560692382544,0.000398610663084269,0.00107572487482455,
40,3.60597862206164E-29,4.33291723380589E-11,6.13549193610402E-10,5.60695575152155E-08,1.23487778154607E-11,2.89746223048246E-06,0.0987466192375017,2.69187335091555E-12,9.79623106885701E-08,1.78511023445695E-19,1.00201495981388E-06,0.354680157087849,4.61111966953468E-10,3.13400893098106E-10,5.51622058573188E-12,3.83246218023389E-07,5.03753706845654E-09,7.10594549657753E-22,3.02859032590689E-16,1.29328270175272E-18,4.63372647260068E-10,0.267433772289741,1.26323578390225E-11,5.01650121889302E-49,3.13631415946589E-10,1.6851445767944E-09,2.21760614174929E-12,4.09041791030585E-10,5.96004466748801E-09,1.19972703063238E-14,0.322171523690774,1.90666184705905E-10,6.01400505026339E-11,0.165953254476085,1.94593920669848E-09,2.72939345339373E-07,8.76090701459698E-31,4.15879722500379E-06,1.10620922165372E-19,8.81832667900211E-09,1.03824715674819E-18,1.64958846771434E-41,4.34313934847423E-17,2.46731751760434E-09,2.1506158833623E-08,8.11743104191066E-17,3.61499765043363E-09,0.429134268315706,1.04557528888749E-08,2.26319402889804E-10,
41,7.84929507429207E-25,0.00133343460566205,4.79652123585333E-22,1.57734336527294E-05,6.27685574303603E-13,0.484092109823585,1.29265228827161E-68,7.35368729395892E-10,8.40557472372901E-11,5.15418191091851E-05,0.288731892498338,1.03717454395424E-31,2.67965162999712E-32,2.83508480706385E-08,4.83231955709698E-10,0.564514405701075,5.69584053369747E-87,9.34520030619339E-39,9.12489339362414E-29,0.000823834967898655,2.80565139271921E-10,1.80383699861257E-18,2.6094082948291E-09,4.70504176461303E-107,2.29650571443551E-34,4.92634892104371E-23,4.89636999561902E-09,2.06773318939532E-36,5.09387469743236E-06,5.84048127655346E-05,8.3155082913618E-79,9.68432151861376E-79,1.17195270139379E-06,8.99787160904999E-24,2.20420604542911E-75,0.554096392221938,1.63850863223893E-25,1.81003191057494E-17,1.05653460623072E-28,1.15896489278986E-05,5.10905266452105E-28,4.25688149925462E-53,3.59232335515659E-18,4.61295366913956E-30,3.84266796043268E-18,4.1153350252475E-81,2.04677164187436E-06,1.77392478597581E-51,2.55933604385021E-18,9.39581646467402E-26,
42,1.95686436362192E-22,6.39866917329263E-10,0.0019347599687786,1.33660010999149E-05,5.26896163918153E-10,1.62481527373054E-06,0.135057456309659,7.53726250011038E-11,4.74267901568872E-08,6.31839789872522E-18,6.76130839123317E-06,0.155740986664128,0.00224045086121078,1.82848500947922E-07,5.37168494522458E-14,1.28632136737578E-05,0.00340280725157931,3.21273109558983E-23,2.34607736895365E-10,6.72791094231437E-17,4.24362530455326E-12,0.162282250453139,6.55764302518537E-13,3.17109350903205E-48,0.00260800334544094,0.00131188456091066,6.25466365632067E-11,5.06143914816218E-06,4.23739473986909E-09,7.90152635029602E-11,0.211227216161172,0.000503645370065007,3.46933900705646E-10,0.0954042665441223,0.00420675124208372,3.76904084085871E-06,2.69418498997264E-26,0.000417775196235325,5.6273964445665E-15,2.8505563457553E-07,2.0562436702922E-13,1.04951958913939E-35,7.32125123199991E-13,0.00442136176393302,0.000223459874698111,2.05964227250819E-10,0.000175289877788483,0.177513667767021,0.000748866319109125,0.000655260440351462,
43,2.22050710335036E-15,3.12879516929567E-11,1.82019378912504E-09,0.155228762820808,3.00746217318981E-06,3.09126513842281E-07,2.21387621583149E-14,6.71207428011016E-14,0.0597134517223308,8.4075326724421E-11,2.02043232780119E-07,1.23993464802617E-11,1.19554531066168E-10,0.00218853451694144,0.093619018886819,1.96566986055222E-07,6.18794287995626E-10,1.05569530832845E-21,1.30512864832122E-08,1.77046451419786E-16,0.0594095610938669,4.56381997629266E-15,0.161136973348297,1.14842668346905E-54,1.73018783930795E-11,1.95163687814381E-07,0.0906449774058863,4.17116579135774E-12,0.124856157421541,1.10673780517491E-13,3.56678046568529E-14,1.88462461361877E-11,0.00794210335492821,2.83745822285455E-07,5.31944675675267E-10,4.29984888604247E-08,1.48589048838175E-29,3.52575659243134E-06,8.46835089871631E-11,4.97278191559025E-07,4.35240839694144E-10,2.74722863943034E-35,2.7447897578317E-10,1.99025676906581E-10,7.94549053457377E-08,2.59601706020145E-15,0.000424230797918702,5.45992771857419E-14,2.1936049166114E-06,3.24397517660859E-11,
44,4.54438369246237E-12,2.08662416372173E-10,0.000158747467210947,0.0145630567575271,0.0018557843031943,1.66262547888199E-05,2.70286729710862E-12,6.03316129473492E-13,0.00822325302004675,8.53363750810491E-12,1.39046126753479E-05,3.07877633066481E-06,8.56515716912942E-06,0.0351899468356867,0.00781567515222847,7.34826874385052E-05,6.56431135239945E-06,2.19091754943778E-20,2.82764485499452E-10,1.20698003119948E-14,0.0161468306932142,2.33108711050387E-12,0.0342888168470441,1.09848210887009E-53,1.28390670485268E-05,0.000881969374333857,0.0137706736957098,4.69893599652102E-08,0.013950702447799,3.22471073842924E-12,4.08335534887588E-11,1.04486876186174E-06,0.0949446781512689,4.06808306937176E-10,4.59864976844547E-06,6.65878243484619E-06,6.72030416583195E-27,9.67765513517186E-06,3.08226255879949E-13,1.47598761260776E-05,1.30865516819505E-12,6.08150036270637E-34,1.4388192640228E-11,1.00267070264574E-05,0.00130557511944145,3.92623378377244E-11,0.00266719064342727,2.21203125270933E-12,0.00214165175942554,7.1785819692733E-06,
45,5.87053682296157E-26,3.1324104333493E-19,8.6474551448962E-12,0.0585679745617459,3.10095251096164E-26,1.28558426358752E-26,3.78057747014501E-40,4.2453278327884E-14,3.08540066774516E-24,8.10728120874255E-16,6.70095600003422E-32,1.49815427293627E-13,1.69170374691882E-12,0.541177983411927,1.96033476168271E-25,2.30291973238226E-26,1.3222005551667E-10,2.78107617670636E-16,1.64415815507316E-19,1.1895297029044E-17,5.02683034158153E-20,3.55902463291644E-29,7.01872359063109E-16,1.48237377104037E-53,2.15133902403008E-11,1.32587787763852E-08,1.60728804630358E-19,0.104491801661695,0.00311868524213085,7.66348767941003E-21,3.4561124389811E-35,2.65727877232765E-10,0.150111065571997,4.32069102451749E-10,9.04042720360738E-11,2.35917774351997E-36,1.06110206287354E-29,1.06308849979738E-25,2.18053475698797E-26,5.17764474326844E-19,2.14896231683527E-23,7.98077754918252E-36,8.13516662995101E-25,1.12904958637907E-10,5.64466949159818E-10,9.40448447148383E-24,0.295445804838486,3.1399851690809E-30,1.42042696072678E-07,2.53019410938726E-11,
46,4.10115848789166E-16,3.39716717327271E-08,2.39577928174591E-28,0.157088814217475,1.15193907718882E-11,1.0802238984717E-24,2.48300015919203E-46,4.26927656259276E-07,0.000165591164237471,1.52900340876844E-07,2.19195655122579E-27,1.25788039057992E-26,3.30853308495962E-33,0.298997365599788,0.00475693578800715,6.8065346959846E-25,2.42001841826674E-46,4.86629085854675E-31,4.64342535108129E-30,1.5495697069285E-07,0.00744914845894187,1.05111733231227E-19,0.00555665765350342,1.63607447616362E-49,2.31864322950475E-30,1.76067457691645E-21,0.0054742224447264,7.72811822479837E-11,0.174286227916269,2.8779900290406E-22,2.24848631015788E-50,2.46130279373304E-46,0.213599432448187,1.13605698041607E-14,5.16472922377926E-46,2.51318882027893E-30,1.54334069336834E-36,4.2709466428655E-11,1.46583967200066E-35,1.72297962472203E-21,3.96442796544461E-34,1.75946190002639E-38,5.69749756514005E-34,6.39457327039911E-32,4.45710373335202E-22,1.89407193111657E-59,1.61153816104346E-07,2.44835003512483E-31,4.82890331840777E-17,6.31521663444461E-32,
47,0.227520751356743,4.2925749525933E-16,1.34053949235376E-12,6.11024873068126E-12,1.98568624986238E-13,1.32284386097596E-17,9.59563429235404E-35,2.81993136409675E-07,3.66038570221006E-24,0.00857624731044046,2.98445687013677E-18,2.09750766053874E-21,1.21826012366352E-10,2.40477011579772E-13,7.28792310956846E-31,9.96005508259506E-18,1.02198241661944E-11,6.48022574283583E-28,0.0057030144574017,4.745205963717E-11,6.80745345233813E-29,3.50815537649767E-26,1.00773089480517E-26,4.94818433192487E-23,6.80046323196279E-11,1.43119756873274E-10,1.16017639278553E-21,1.84337047514143E-19,1.07820752307001E-14,0.000897405337375106,1.21148655378804E-29,1.45587112312767E-11,2.74646692663087E-15,8.0570000459927E-13,7.14508228552926E-08,1.94697973148465E-19,4.55562158027388E-42,0.0156024031345823,0.00153232341583918,1.08965612288925E-07,0.000698180482878644,8.92419157633706E-36,0.00039839658412566,1.4103947403943E-12,4.00347216905454E-11,0.240434278006532,2.89084624514529E-14,1.81149882051155E-27,5.42639011209872E-12,4.17356702230482E-10,
48,2.77681561270781E-22,7.08215704862239E-13,4.20618816285031E-12,0.037228116374159,5.32876206812785E-08,4.97021888270461E-05,6.63142004636103E-22,3.28478163069234E-14,0.00179289778015676,7.59801891688592E-11,2.07888712311333E-05,8.3794608539361E-14,6.87853542704682E-15,0.000405328565466496,0.00622560389129036,1.43485772216899E-05,1.82291775199327E-15,9.69368185566343E-25,1.18068826834309E-05,2.50853795772451E-15,0.000360417191595968,1.19755653004629E-20,0.0200080448447698,2.93257240334943E-62,6.71899240162682E-15,1.42020770516705E-11,0.0209229370639576,1.99375487886307E-14,0.0461870274120833,1.98022652642555E-12,4.53400678679204E-20,3.35684900350867E-16,0.0659479239754268,6.4584768995134E-08,1.46231244210134E-15,4.22353582971077E-05,1.64825100151951E-31,4.43466444295426E-05,1.65712056032477E-06,0.000829797109832138,1.08435276158409E-05,1.64556340691004E-37,8.94363098603854E-06,8.71230616612769E-15,9.2162380058522E-11,3.83341454246002E-24,4.14237041073684E-05,1.13005718471973E-18,2.02787613040452E-09,7.84225397675067E-14,
49,1.22978188829912E-17,5.12341813729076E-11,7.55150139391567E-08,0.238928242250674,6.80689222754732E-05,5.1754133530248E-06,1.16407420691099E-10,5.51736900009485E-14,0.101705434961909,2.38546205821797E-14,6.77402824305203E-07,1.00131415100098E-06,8.13340840810438E-09,0.00810097058603767,0.120522837596074,2.29544620128463E-06,2.03178457815981E-08,2.70812282610342E-20,1.264216417202E-13,2.60286539896157E-15,0.0181492002289598,8.78317995782838E-12,0.132655079296132,1.08773875088648E-55,2.37288307552148E-11,1.33995735751108E-06,0.126047120612517,2.34892520748085E-12,0.277279770865086,1.33037023454643E-14,4.37173270764553E-11,5.72008275185164E-09,0.0130048920151753,6.51887666195228E-09,1.01945004332864E-08,1.06846886303278E-06,1.71269835232604E-30,1.32682816763729E-06,2.4428403796861E-17,7.14117095286907E-08,1.18449131740671E-16,8.78719670323623E-36,4.38522436561412E-15,1.0585339134898E-09,6.98122887627247E-07,1.49636270942236E-14,0.000436643542396663,4.7130977730927E-11,3.57208863095132E-05,7.87614027177022E-10,
Emissions,0,1,2,3,4,5,6,7,8,9,10,11,12,13,14,15,16,17,18,19,20,21,22,23,24,25,26,27,28,29,30,31,32,33,34,35,36,37,38,39,40,41,42,43,44,45,46,47,48,49,
0,5.3779914843594E-29,2.33321872847976E-14,3.83958041465283E-09,0.0241128417751521,1.48670390101746E-14,1.05739034275803E-10,2.91554611138904E-38,7.54779043397529E-14,0.999999748766521,6.70033936923763E-05,5.06563526153187E-11,0.999981654513775,1.97110766584354E-08,0.949535388467059,3.49425952256798E-39,2.30890383735872E-12,5.06074236703967E-10,0.957689271508459,1.43431463370316E-23,2.41125849064094E-10,1,9.54205960215785E-05,2.71778968457637E-30,2.47975336863019E-24,5.15163308602133E-16,3.1468556445898E-05,0.999999723636781,3.02229271258802E-10,0.713555241725164,1.7940279200828E-24,2.08960197494112E-34,6.58543765968188E-13,5.18055888101674E-31,8.06236214144421E-06,1.66771602466356E-10,5.78094737860163E-13,6.3368646860446E-29,1.51057742459298E-07,5.24417938958845E-25,4.89725260741312E-14,1.18964468828343E-28,1.13761567028492E-37,3.14490543622667E-21,8.91655224706849E-07,1.5299781240228E-10,1.75083445389546E-31,3.44268495299535E-07,4.53418186080556E-22,2.57806819222155E-10,1.67580684246636E-08,
1,2.95517704316646E-18,5.10811533893538E-24,3.81911794188681E-20,3.16410926930754E-33,9.86526197275309E-13,1.22771052721411E-20,0.999990124590006,4.03261852142954E-15,5.39499522138704E-08,1.34697919276563E-35,1.43641876365378E-21,8.23287069976874E-28,9.95874116515576E-30,2.77225340118882E-38,8.79688167778192E-12,4.02071635169123E-22,0.999999998397857,0.0422954481761336,3.56372738222502E-22,1.47822677512794E-28,1.50013917825104E-21,3.25266149110948E-43,3.70291113321382E-13,0.999999999999546,7.98538596679644E-32,7.05190468241828E-24,1.08530864306144E-16,1.00637838184041E-17,1.58118748668943E-38,3.9388989735218E-21,0.999999309918569,0.999999943617602,6.39726220481688E-36,7.51995561554163E-06,0.999999709769286,4.28443440060269E-23,8.21184630325034E-32,0.000634729245493936,8.46305526416874E-34,8.15497394418876E-16,6.17558225316629E-31,3.87379194316515E-38,5.06452396392583E-31,1.22790752261342E-33,7.24909725584428E-14,0.999999216206806,1.84563523947506E-25,0.664671568876196,3.52612456145659E-23,8.05338748148796E-26,
2,2.33031327346565E-22,9.54477659766849E-10,1.89625027744707E-15,1.86641184052597E-08,2.64958967059877E-22,2.62710776648221E-34,1.12261243861353E-37,0.98448494407793,2.62856299598027E-28,2.10912731146074E-19,3.53294371035012E-35,1.83454861273477E-05,1.52179288812382E-13,2.50323344852348E-19,2.22241628353946E-43,2.73773638840089E-32,9.62135642066633E-33,1.50446254158965E-09,4.65685236557221E-09,1.07351663057046E-15,2.36341105907366E-26,0.99989485736867,2.14956410834124E-39,1.55031602712704E-34,0.999999999815042,1.50135664246097E-14,4.20499025704166E-21,5.67612317695502E-12,1.53640460447618E-10,0.999996993115363,1.2189822545832E-36,9.06191312058369E-33,1.24259856986482E-37,2.65243573360427E-15,8.07020575145239E-31,2.32922917862666E-41,2.79336829875508E-42,0.181850661608544,6.40056927156305E-14,4.02701500310426E-18,1.08902895948685E-12,9.1782388412186E-45,6.69311112807185E-16,7.39089265916249E-10,2.1171244004758E-17,3.15485324408817E-12,7.37225032039309E-13,1.96878825736129E-27,1.50047049951977E-17,1.06054246658878E-13,
3,1.41799942255774E-09,0.000156640794936212,1.68148867945672E-05,0.975887139543722,5.94204584156848E-18,3.81381637391535E-27,4.24637065869499E-30,0.0155150559219222,5.71950815185715E-21,7.3852408864413E-24,8.57131288595134E-26,5.4359339666673E-18,6.89324332179768E-07,0.0504641325541979,1.6752283859626E-47,4.34767279990657E-28,2.62743483008146E-37,1.52311734107041E-05,4.28676215477441E-22,4.42710439296998E-18,1.43559878086903E-19,9.72203531965394E-06,1.16308129391736E-37,3.77630635542353E-34,2.3385922483551E-27,0.000422383639063912,4.79784449585398E-14,4.29676314277519E-17,0.286444758120774,5.11632406592084E-09,7.76740544790438E-29,1.6569404496564E-28,6.02735532177671E-31,0.999936687349546,1.04303889837899E-22,2.22356052883673E-33,2.05054352831737E-46,0.817514433539109,8.42546213744047E-30,1.15230366536852E-23,1.31471128921614E-25,0.999999879829453,2.20319262488639E-27,3.27487559828467E-06,4.92949191162132E-05,7.83760815497858E-07,0.9999969807113,2.84809209289042E-12,1.62306693719606E-05,8.02423096085483E-07,
4,1.37416282909668E-26,0.187356138204249,0.999983181273629,1.70365812125787E-11,8.17422203590597E-11,0.999999999894263,9.87541001322271E-06,1.19813928303745E-14,1.97283552490735E-07,0.367878735111213,0.999999999949351,1.06379050146815E-13,0.999999290964445,4.78978779140621E-07,0.999999999991207,0.999999999997692,1.0961094800022E-09,2.53309523212829E-16,0.99999999534316,1.1828879449384E-13,9.1026854287533E-18,1.15753074419224E-14,0.999999999999637,2.50503577169679E-27,1.84088961592272E-10,0.999546147804485,2.76303121694673E-07,0.999780308585294,4.64409073649955E-13,3.00176835448508E-06,6.90081444421435E-07,5.63817481900546E-08,1,4.77303327156983E-05,2.90063947297144E-07,0.999999999999426,1,1.26567117060235E-10,0.999999999999923,0.999999999999954,0.99999999999891,1.20170552633554E-07,0.999999999999998,0.999995832730093,0.999950704927832,2.92382482712927E-11,2.67501949904702E-06,0.335328424564794,0.999983769072821,0.999999180818747,
5,0.999999998582003,0.812487220046343,5.83531007130664E-43,3.08311712793246E-27,0.999999999917268,4.53414643730064E-30,2.09164666895182E-26,7.56579930181934E-14,1.61168056433271E-16,0.632054261495129,2.32629887986754E-26,5.06505800160552E-17,8.09931770274076E-45,5.65149325415135E-40,6.16240694306953E-70,1.59226363498264E-31,3.84026441106738E-33,4.76375568721757E-08,5.78508475585598E-16,0.999999999758765,1.66009436481469E-15,1.60979649666682E-46,5.96821761264181E-52,4.4921375753598E-13,8.75946575495611E-13,6.21755803741825E-46,6.00950818979422E-11,0.000219691106817854,1.25294788593033E-33,4.79804484533892E-16,1.7933081971833E-26,2.72668973993987E-33,1.76866612207645E-65,1.3352372748018E-14,2.11675380761119E-32,1.6695081851992E-30,1.26856528369051E-30,2.44225950320019E-08,1.46676451888242E-14,2.82489521840389E-22,6.45263870785507E-19,5.97382743385349E-75,1.82998275233325E-15,7.18670181772463E-48,3.38445534524077E-42,1.48543269645848E-29,2.87447619332452E-42,6.55619288475823E-09,2.22075823062337E-52,1.85141801972558E-44,
